,"Административная единица
","Первые 2 цифры индекса по пятизначной системе[3]
","Первые 3 цифры индекса по советской системе[4]
"
0, Киев (город),"01, 02, 03, 04, 05, 06",252—254
1, Киевская область,"07, 08, 09",255—256
2, Житомирская область,"10, 11, 12, 13",260—262
3, Черниговская область,"14, 15, 16, 17",250—251
4, Черкасская область,"18, 19, 20",257—258
5, Винницкая область,"21, 22, 23, 24",286—288
6, Кировоградская область,"25, 26, 27, 28",316—317
7, Хмельницкая область,"29, 30, 31, 32",280—281
8, Ровненская область,"33, 34, 35",265—266
9, Полтавская область,"36, 37, 38, 39",314—315
10, Сумская область,"40, 41, 42",245
11, Волынская область,"43, 44, 45",263—264
12, Тернопольская область,"46, 47, 48",282—283
13, Днепропетровская область,"49, 50, 51, 52, 53",320—323
14, Николаевская область,"54, 55, 56, 57",327—329
15, Черновицкая область,"58, 59, 60",274—275
16, Харьковская область,"61, 62, 63, 64",310—313
17, Одесская область,"65, 66, 67, 68",270—273
18, Запорожская область,"69, 70, 71, 72",330—332
19, Херсонская область,"73, 74, 75",325—326
20, Ивано-Франковская область,"76, 77, 78",284—285
21, Львовская область,"79, 80, 81, 82",290—293
22, Донецкая область[5],"83, 84, 85, 86, 87 (283-287)",338—344
23, Закарпатская область,"88, 89, 90",294—295
24, Луганская область[5],"91, 92, 93, 94",348—349
25, Автономная республика Крым[5][6],"95, 96, 97, 98",333—334
26, Севастополь (город)[5][6],99,335
